customer_id,customer_company,customer_phone,contact_email,customer since
1,Wordtune,500-579-5710,gochiltree0@redcross.org,9/4/2020
2,Brightbean,164-578-7943,acoldicott1@goo.ne.jp,11/7/2021
3,Leenti,560-876-0953,dcorrington2@list-manage.com,4/9/2020
4,Mudo,991-135-4731,sstreeting3@wunderground.com,1/30/2021
5,Voolith,701-789-4123,vknevet4@ebay.com,11/19/2021
6,Cogidoo,567-712-9523,ctoward5@ucoz.com,1/29/2020
7,Topicblab,783-464-6053,nstacy6@liveinternet.ru,4/6/2021
8,Wordtune,481-467-2599,atupling7@w3.org,2/25/2022
9,Abatz,690-798-7605,dcaskey8@blogger.com,1/7/2020
10,Tagtune,937-618-4869,gmarti9@example.com,7/17/2021
11,Eazzy,777-626-1121,mplayhilla@blogger.com,3/25/2022
12,Zoonoodle,495-395-0661,mcultchethb@sina.com.cn,4/4/2022
13,Shufflebeat,276-154-0621,jmerklec@barnesandnoble.com,11/12/2021
14,Mydeo,560-210-9672,rcadanyd@wiley.com,4/7/2021
15,Browsetype,523-714-0234,fhobbene@washington.edu,4/14/2020
16,Omba,810-726-5076,laberchirderf@upenn.edu,4/29/2021
17,Eabox,522-781-9690,kvasyutichevg@51.la,2/14/2021
18,Quinu,491-668-5352,iberrickh@google.fr,8/21/2021
19,Aibox,420-900-7923,dreevesi@moonfruit.com,2/16/2021
20,Feednation,743-411-4252,jlincej@washingtonpost.com,2/6/2020
21,Browsedrive,832-219-0200,ncritchlowk@wired.com,5/21/2020
22,Oyonder,419-679-9558,cfenechl@archive.org,1/11/2022
23,Zoombeat,854-608-0366,dkubistam@narod.ru,4/27/2020
24,BlogXS,829-460-1483,pheathern@ning.com,2/14/2021
25,Myworks,988-283-4541,cmatussono@bloglines.com,1/25/2021
26,Kaymbo,142-816-6761,lhillump@latimes.com,10/15/2020
27,Cogibox,610-865-3719,jmcwhinnieq@nasa.gov,3/3/2020
28,Twimm,499-578-7951,bthiolierr@utexas.edu,1/22/2021
29,Zoonder,166-444-5307,njeaneaus@google.nl,7/8/2020
30,Lazz,496-858-6137,ldruittt@trellian.com,3/14/2022
31,Kwilith,966-594-8590,sproschu@biglobe.ne.jp,1/13/2020
32,Twitterwire,878-876-6996,groakesv@usa.gov,11/16/2021
33,Linklinks,209-617-0400,wpanksw@typepad.com,10/14/2021
34,Jamia,853-531-2203,bwhorallx@earthlink.net,2/10/2022
35,Trudeo,313-736-0703,gcapnery@apple.com,1/30/2021
36,Meedoo,496-328-8879,sbowdonz@amazon.com,11/1/2021
37,Eimbee,582-189-0866,aceaser10@vk.com,1/11/2021
38,Gigaclub,234-751-0888,ajahns11@ocn.ne.jp,8/31/2021
39,Jetpulse,490-225-6871,jpimme12@europa.eu,3/20/2022
40,Linklinks,941-395-3356,pranger13@rediff.com,1/20/2022
41,Leexo,666-377-4657,tneed14@businessweek.com,1/28/2022
42,Cogibox,927-618-3431,sdrakeley15@upenn.edu,4/10/2020
43,Oyoyo,910-769-0424,gtaile16@goodreads.com,10/17/2020
44,Dynava,205-970-1462,tmanske17@admin.ch,6/9/2021
45,Mymm,346-370-7190,amalser18@jigsy.com,5/24/2021
46,Thoughtstorm,222-864-7811,pmuir19@wordpress.org,6/10/2021
47,Kimia,624-539-8265,mtremmil1a@microsoft.com,2/11/2022
48,Ailane,302-310-5429,craeside1b@themeforest.net,3/29/2022
49,Skyble,257-281-7552,rsaull1c@twitpic.com,5/1/2020
50,Kare,325-602-2678,wwithringten1d@sitemeter.com,4/7/2020
51,Riffpedia,441-429-8803,askelding1e@vk.com,10/12/2021
52,Oloo,537-688-4210,rdeely1f@wired.com,5/12/2020
53,Meeveo,810-597-1034,sknipe1g@wunderground.com,11/12/2020
54,Centidel,605-142-5058,aberrycloth1h@php.net,2/2/2021
55,Kayveo,513-779-9102,ybarfield1i@gmpg.org,9/22/2021
56,Yozio,218-373-4116,ckisbee1j@angelfire.com,1/12/2020
57,Edgetag,243-283-7313,ccars1k@indiegogo.com,1/3/2020
58,Bubblemix,193-319-0638,telcox1l@smh.com.au,3/2/2021
59,Shuffletag,757-910-2172,mboutwell1m@ameblo.jp,4/15/2021
60,Aibox,369-450-9966,rmcilwrick1n@nbcnews.com,3/20/2020
61,Zazio,915-361-8400,cburkart1o@loc.gov,9/26/2021
62,Ooba,236-780-6055,adesmond1p@xing.com,9/24/2021
63,Eazzy,308-658-5409,aahern1q@flavors.me,9/16/2021
64,Kwinu,349-653-2395,dtwinberrow1r@dailymail.co.uk,5/19/2020
65,Eayo,273-503-9006,plympenie1s@dyndns.org,10/17/2020
66,Eire,533-408-0998,bsexton1t@cnbc.com,6/5/2020
67,Eimbee,875-573-2743,btansey1u@hugedomains.com,7/8/2021
68,Twiyo,956-126-9938,ahowsden1v@blogs.com,7/9/2020
69,Yabox,551-965-4756,jquinion1w@ning.com,6/13/2020
70,Trilia,492-939-9919,tatkin1x@cnbc.com,12/22/2021
71,Skivee,632-566-8779,voleary1y@odnoklassniki.ru,1/24/2022
72,Skivee,209-349-9283,rstopford1z@toplist.cz,9/7/2020
73,Twitternation,725-346-7315,godooghaine20@elpais.com,9/5/2020
74,Oyonder,733-116-2138,lcahalan21@quantcast.com,11/7/2020
75,Avaveo,923-674-1874,lmartinon22@simplemachines.org,6/1/2020
76,Kazio,290-476-2911,nnilles23@shareasale.com,11/4/2020
77,Tazz,177-195-6633,rbehrendsen24@economist.com,4/10/2021
78,Meejo,537-218-7075,flevay25@networkadvertising.org,9/18/2020
79,Gigabox,760-578-2833,vdaniello26@lycos.com,8/10/2020
80,Yambee,244-570-0171,bhellyer27@is.gd,1/29/2022
81,DabZ,804-722-9572,hdaft28@netscape.com,2/5/2021
82,Mynte,345-620-5569,gbuckoke29@prweb.com,6/8/2020
83,Skinte,273-472-4594,svan2a@spotify.com,12/23/2021
84,Quimba,177-884-2566,wshoutt2b@hc360.com,7/14/2021
85,Skaboo,195-365-4686,chowsan2c@washington.edu,3/19/2021
86,Eare,387-606-4682,elight2d@harvard.edu,12/13/2021
87,Devshare,825-370-1527,zepine2e@wp.com,2/9/2022
88,Rhyzio,530-697-6230,hdimitriev2f@businessinsider.com,8/15/2020
89,Rhynoodle,879-635-1052,bgell2g@xrea.com,1/19/2021
90,Meedoo,263-266-6731,bcassar2h@paypal.com,5/29/2020
91,Cogibox,905-844-0042,rlowden2i@jiathis.com,10/24/2021
92,Youopia,946-717-4570,ccrampton2j@eventbrite.com,7/18/2020
93,Rhynyx,947-645-4568,cilyunin2k@topsy.com,1/19/2020
94,Skyba,995-772-9497,cdowne2l@springer.com,10/15/2020
95,Skyble,768-662-6903,tdecayette2m@businessinsider.com,9/29/2020
96,Youfeed,758-694-7884,mdenyagin2n@furl.net,12/21/2021
97,Linkbuzz,939-547-5525,wkayne2o@t-online.de,11/23/2021
98,Fadeo,349-480-7309,zfery2p@yandex.ru,1/27/2020
99,Fivespan,969-536-7463,nklasen2q@networkadvertising.org,5/19/2021
100,Riffwire,622-270-5250,adutchburn2r@java.com,8/13/2020
